,Date,Score,reviews
678,2017年12月20日,5,不錯玩
721,2017年12月20日,5,很好玩
577,2017年12月20日,1,这是个坑人的戏，我在张松献图这伺服器玩了一段时间，之後到了40%就再也不能进戏了，新的伺服器就通无阻，精明的玩家大家心中有数了吧。 有问题只会叫你到一些很难连接的网站下载一个不能改善的安装包，从新安装，就当解决了问题，一個坑人的垃圾戏  😈😈😈😈😈😈😈😈😈😈😈😈
719,2017年12月20日,5,不錯玩
764,2017年12月20日,5,不錯玩
561,2017年12月21日,5,棒好好玩 這個遊戲是我玩過最棒的遊戲
760,2017年12月21日,5,滿好玩的
576,2017年12月21日,5,還可以接受的一款三國遊戲
560,2017年12月21日,3,還不錯玩，希望玩到後面可以讓我一直順順的玩下去
756,2017年12月22日,4,還不錯
761,2017年12月22日,5,Nice game
600,2017年12月22日,5,不錯玩分享碼C0ODD73Q
757,2017年12月22日,5,畫面不錯
563,2017年12月23日,5,几好玩，不過要收集几百个碎片才合成1位角色，實在太多太麻煩了！
759,2017年12月23日,5,非常好玩
584,2017年12月23日,5,遊戲中充滿了很多好玩的地方而且很多特色
722,2017年12月23日,5,不錯玩
601,2017年12月23日,1,要倒了是嗎？都進不去
680,2017年12月24日,5,非常好玩
566,2017年12月24日,5,我已经拿到张飞了，好厉害
637,2017年12月24日,5,玩起來 是蠻順手的
580,2017年12月24日,1,裝孝唯，新服進的去，一區舊服都卡在40%，移除重新安裝後也一樣停在40%  今天12/25，依舊停在40%進不去，不出面解決嗎？
679,2017年12月24日,5,希望可以玩下去
589,2017年12月25日,5,好好玩，真系好好玩呀
717,2017年12月25日,5,還不錯玩
608,2017年12月25日,1,這種爛遊戲不玩也罷
677,2017年12月25日,4,還好，只是武將的碎片太多了。-
636,2017年12月25日,5,好玩，但需多點福利
568,2017年12月25日,5,不錯玩，不過能開放更多武將會更好
758,2017年12月26日,4,好玩的遊戲
638,2017年12月26日,5,希望可以送更多禮
610,2017年12月26日,4,還不錯玩但錢好少
640,2017年12月26日,5,不錯，好玩又流暢
718,2017年12月27日,5,都算好玩
765,2017年12月27日,5,good game
569,2017年12月27日,4,還不錯玩，畫面還蠻精緻的，希望可以一直玩下去
716,2017年12月27日,3,一直當機
639,2017年12月27日,5,好玩邊緣人會快來玩
768,2017年12月28日,3,試玩中
605,2017年12月28日,5,超大場景，畫面流暢，是個好遊戲
766,2017年12月28日,5,還不錯
573,2017年12月28日,1,更新完沒辦法等入幹裝肖欸
690,2017年12月29日,5,還不錯玩
715,2017年12月29日,5,你們好幫
676,2017年12月29日,5,好玩有又容易上手
684,2017年12月29日,5,還不錯玩
736,2017年12月29日,5,超正
776,2017年12月29日,4,不錯玩
775,2017年12月29日,3,還行
575,2017年12月29日,5,活動送的角色的卡片  能多一點就更好了  有華麗的技能連續殺敵   超爽手感！
686,2017年12月30日,2,角色取得太難
707,2017年12月30日,5,Good game pay
725,2017年12月30日,2,還可以
586,2017年12月30日,1,遊戲越改越爛  只會騙玩家  蚩尤打十場沒掉金寶箱  改那麼爛怎的下去
583,2017年12月30日,3,我只想知道華碩手機無法登入的問題...究竟要等待多久 已經快一個月了 還是無法登入跳回桌面
606,2017年12月30日,5,"(好玩,)不能进入游戏,发生什么问题?(已很畅顺,沒问题.) 冫"
738,2017年12月30日,5,還不錯
635,2017年12月30日,5,真的好玩 不錯的一個遊戲
737,2017年12月30日,5,不錯玩
587,2017年12月30日,1,請問為何作弊懲處的人都 還完好無缺的在線上，還參加攻城站了，看來抓作弊公告根本做做樣子，呵呵
799,2017年12月30日,3,還可以
661,2017年12月31日,4,消磨時間還不錯
571,2017年12月31日,5,好玩！但是真心覺得金幣可以給的大器一點、可以做一下修改嗎？譬如購買金幣可從本來20000升到50000等等。。。
567,2017年12月31日,1,已經玩了一段時間了，最近原本是在第11區長板怒吼的帳號一直進不去以為是手機問題重新安裝也沒有用，但是登入新的伺服器就都正常，看到評論才知道並非個案，遊戲公司面對問題的處理方式太不積極了在登入不了也許應該要選擇離開了
622,2017年12月31日,4,多點活動會口吸引多啲人玩
798,2017年12月31日,5,好好好
797,2017年12月31日,4,Ok啦
767,2017年12月31日,4,還可以
762,2017年12月31日,5,升級很快
751,2017年12月31日,5,太好玩啦~
740,2017年12月31日,5,還不錯
30,2018年10月11日,3,三人擂臺的部分可以考慮設計成其中一人由玩家操控，不然由電腦隨意施放技能實在很悲劇，對戰同一位玩家不是一直贏就是一直輸
85,2018年10月11日,3,很花錢
46,2018年10月11日,1,更新後又突然登入不進去，停留在40%，一直跳出離線訊息。明明有連線，失望啊！
56,2018年10月12日,5,"不要讓我一直重復登入,不然我就檢舉"
31,2018年10月13日,1,失敗之作 浪費之作 無謂的元素加入 此遊戲步向滅亡 不久將來 極無聊 就會消失 退遊算啦！
71,2018年10月22日,5,英雄超級帥氣
51,2018年10月22日,3,為什麼早上一直連結不上，一直出現網路異常
32,2018年10月27日,1,鑽石會自動消失，這問題已經很久了，沒有人解決，可以告訴我為什麼嗎？客服可以聯絡一下嗎？
34,2018年10月27日,1,玩遊戲都登不進去是者麼回事看可以改善嗎
63,2018年10月27日,4,不錯玩，就是bug經常會突襲
93,2018年10月29日,5,好玩
54,2018年10月2日,5,為什麼登進去時會卡住
19,2018年10月30日,4,還好
9,2018年10月30日,5,甚麼都好，就是張遼介面介紹的筋骨打錯了。
8,2018年10月30日,5,希望能早點集滿角色能早點覺醒會更好，要不都越玩越沒信心了...
88,2018年10月30日,5,ahyi
55,2018年10月30日,3,小課玩家或無課玩家，都是貂蟬，馬超，趙雲，周瑜.... 可以讓小玩家拿看看別的武將嘛
102,2018年10月31日,5,、好
59,2018年10月31日,5,越玩越難前進。遊戲設計的很有思考性。
67,2018年10月31日,3,進步很多，蠻好玩的
23,2018年10月31日,4,好玩
65,2018年10月31日,4,還不錯玩。只是錢幣都會不夠用。
87,2018年10月31日,5,很好玩玩，非常剌激，我很喜歡／／／
49,2018年10月31日,5,希望可以送我金將趙子龍
48,2018年10月31日,5,這是一款很花錢的遊戲
45,2018年10月31日,5,把人全部捲起來一次打超 爽！
44,2018年10月31日,5,雖然课金但值得，如给玩家多丁點優惠更好
57,2018年10月31日,3,下載更新很慢又卡
90,2018年10月31日,5,good
38,2018年10月5日,1,今天儲值階段禮包，扣款完成收不到東西，雖然我不是大v，也快v11了，這樣搞是叫我別在花錢了還是說你花太少了請換遊戲的意思?
89,2018年10月5日,1,請問陸遜活動的碎片發了嗎...？ 沒收到...
37,2018年10月7日,5,今天儲值1380鑽，遊戲裡沒收到卻已扣款成功，還未處理，等有人來解決這問題才更改星數!已處理
25,2018年11月13日,1,還好
7,2018年11月13日,3,想詢問之前有玩這個遊戲有段時間沒有玩了！現在又想回來玩了但你們開太多伺服器了根本不知道是在那邊可以幫忙尋找嗎？
16,2018年11月13日,4,劉備何時出現
21,2018年11月15日,5,呵呵
14,2018年11月15日,1,無雙爭霸煩不煩人，搶來搶去，爛透了
28,2018年11月15日,5,棒棒
6,2018年11月18日,4,我用華碩平板玩了近兩年，一直都沒問題，但最近一直卡住遊戲登入畫面，而換另外手機及相同電信公司的網路就可以了，能解惑嗎？
13,2018年11月19日,5,遊戲很多關卡好玩不無聊
26,2018年11月19日,5,Pukima
22,2018年11月20日,5,好玩好玩～～
0,2018年11月23日,5,good
27,2018年11月24日,5,潘思源
1,2018年11月29日,5,很好
86,2018年11月2日,5,不錯玩
100,2018年11月3日,5,Through
20,2018年11月3日,5,好玩
18,2018年11月4日,5,很豐富，很好玩
10,2018年11月5日,4,有一段時間沒玩 如何找回之前的記錄和侍
24,2018年11月5日,5,好玩
12,2018年11月6日,4,很好玩和多采的一個遊戲
15,2018年11月9日,5,怎麼找回之前的遊戲帳號?
17,2018年12月12日,5,很棒很豐富
101,2018年12月15日,5,太棒了
3,2018年12月16日,4,不錯
5,2018年12月21日,5,🎅
4,2018年12月24日,5,好玩
2,2018年12月27日,1,爛，閃退，
11,2018年12月5日,5,好玩但是分成IOS和Android的登錄方式不好
787,2018年1月10日,5,算可以
724,2018年1月10日,5,很好的遊戲
746,2018年1月10日,5,還不錯
763,2018年1月10日,5,Good game
788,2018年1月10日,5,不錯玩
663,2018年1月10日,4,從溫感覺不錯
624,2018年1月11日,5,剛接觸 不錯玩 畫面也很華麗
581,2018年1月11日,5,無雙寶庫買一次才一點永遠買不滿 （是不是可改一次100點）為何cp值高的人物都要以活動取得 為何郭嘉也要定向寶箱取得 到底要玩到什麼時候
789,2018年1月11日,5,好 Hoho
619,2018年1月11日,5,Good game nice and pretty character
628,2018年1月11日,1,藍鑽每天送不錯玩
667,2018年1月12日,5,非常好玩的遊戲！
664,2018年1月12日,4,打發時間還不錯
591,2018年1月12日,5,KZdDaM打入這碼 與我一起拿獎勵
730,2018年1月13日,5,好玩的不得了
752,2018年1月13日,4,唉呦～還不錯哦☝️
574,2018年1月13日,5,很好，但趙雲修改得太弱了，一些武將修得離史實太多了。
786,2018年1月13日,5,很好玩
646,2018年1月13日,5,极好玩！
668,2018年1月13日,5,何時可完全對應18：9手機
611,2018年1月13日,5,好玩，可是真心覺得金幣真的很不好賺
652,2018年1月13日,4,剛剛開始玩，還在了解中
790,2018年1月14日,3,還可以
708,2018年1月14日,5,不錯玩喲
795,2018年1月14日,5,很好玩呢
618,2018年1月14日,3,還不錯玩，可是升等花太多
791,2018年1月15日,5,很好玩
685,2018年1月15日,3,鑽石送太少了
754,2018年1月15日,5,給一千個👍
731,2018年1月15日,4,不錯的游戲
709,2018年1月16日,5,怎麼沒有劉備
753,2018年1月16日,5,還不錯 ｀丨
621,2018年1月16日,5,因为这个杀人很好玩
665,2018年1月16日,4,還不錯保持下去
728,2018年1月17日,5,很好玩
687,2018年1月17日,3,郵件無法綁定
771,2018年1月17日,5,回味真三國無雙
564,2018年1月17日,4,如果在操控方面能改善會給5星
669,2018年1月18日,5,我喜歡這遊戲
592,2018年1月18日,4,我之前玩的角色（關青龍）不見了？現在又要重練怎麼可能還玩的下去！伺服器第43區...
747,2018年1月19日,5,真的好玩
689,2018年1月19日,2,卡在40進不去
641,2018年1月1日,5,希望能越來越好玩
660,2018年1月1日,4,不錯的遊戲！不會像其它常見的手遊，單調乏味！！
603,2018年1月1日,4,更新完登錄不了，解除安裝在安裝也登錄不了。
780,2018年1月20日,5,不錯玩
779,2018年1月20日,5,很好玩
748,2018年1月20日,5,不錯玩
729,2018年1月20日,4,還不錯
645,2018年1月20日,5,我的邀請函碼:H7iDya
594,2018年1月20日,5,我玩三國也有20年，覺得這款遊戲很有創新。
711,2018年1月21日,5,還不錯玩
749,2018年1月21日,5,還不錯
699,2018年1月21日,4,招待碼 vwdDk7
700,2018年1月21日,4,為什麼我用一樣的帳號不一樣的手機進不去？？？
710,2018年1月21日,3,還可以玩
666,2018年1月22日,5,棒  超好玩的遊戲
701,2018年1月22日,5,good 很好玩 good
653,2018年1月22日,4,可以玩很久的遊戲
654,2018年1月22日,4,請問回鍋 忘記伺服器怎麼辦？
648,2018年1月22日,5,玩法豐不，角色不錯
644,2018年1月22日,5,好玩，撰寫評論得鑽石
596,2018年1月23日,1,新服可以進，舊服就卡40趴進不去，遊戲是要倒閉了麼
712,2018年1月23日,4,還不錯玩
655,2018年1月24日,5,太好玩了!
796,2018年1月24日,5,不錯好玩
578,2018年1月24日,1,遊戲有bug不改善，反而要玩家負責任……制造bug讓玩家誤入就馬上鎖號，這是什麼遊戲，根本就是詐騙
593,2018年1月24日,5,團戰一直閃退很不好打可以處理一下嗎
750,2018年1月24日,4,阿一個
602,2018年1月24日,3,一直卡在40%無法登錄
673,2018年1月24日,5,好玩！但是升星材料太難取得！
631,2018年1月25日,5,不錯玩忍不住一玩再完
634,2018年1月25日,4,希望武將可以更容易拿到
688,2018年1月25日,4,寶石有點難拿
732,2018年1月25日,5,好玩的遊戲
656,2018年1月25日,5,讚！
774,2018年1月26日,5,很棒的遊戲
670,2018年1月26日,5,超好玩，怎麼玩都不會膩
702,2018年1月26日,5,還不錯玩
682,2018年1月26日,5,畫面優，動作華麗，good
671,2018年1月27日,5,超好玩的遊戲，值得五顆星
672,2018年1月27日,5,怎沒消費鑽石禮
620,2018年1月27日,5,怎沒消費鑽石禮
733,2018年1月27日,5,提示明確
734,2018年1月27日,5,不錯玩
735,2018年1月28日,4,蠻好玩的
703,2018年1月28日,4,還不錯的遊戲
778,2018年1月29日,4,不錯玩
658,2018年1月29日,2,遊戲一直進不去，請改進
705,2018年1月29日,4,好玩，打發時間
704,2018年1月29日,5,敵人太落
675,2018年1月29日,3,有時會卡住和閃掉線
693,2018年1月29日,4,還不錯玩
627,2018年1月2日,1,好玩 動作流暢 畫面華麗 且難度適中
614,2018年1月2日,3,打發時間滿好用的
579,2018年1月2日,5,請問我下載極無雙，在商店下載好ㄌ，點兩下進去，怎麼就一直停在第一個畫面，動也不ˇ動，，
612,2018年1月2日,4,再加一些任務，不然任務解完就沒得玩了
770,2018年1月2日,5,干     幹嘛
662,2018年1月2日,5,不错！！可是充值有点贵
781,2018年1月2日,4,還可以
741,2018年1月2日,3,還不錯
713,2018年1月30日,4,還好沒什麼意見
694,2018年1月30日,5,uUmDLh 邀請碼
633,2018年1月30日,5,新一年吖！俾多啲優惠啦！唔好咁孤寒吖……啲錢好辛苦搵嚟俾你吸血的……😂
777,2018年1月30日,4,不錯玩
630,2018年1月31日,5,還蠻不錯玩的，只是需要升級的東西越來越少
714,2018年1月31日,5,很好玩，qijDpl
755,2018年1月31日,5,幾好
674,2018年1月31日,5,非常好玩哈哈太棒了
623,2018年1月3日,3,遊戲卡卡的需要改進一下，可以就會比較好玩
772,2018年1月3日,3,體力太少
616,2018年1月3日,2,登入時間要很久，根本沒辦法玩
681,2018年1月3日,5,錢花很凶
683,2018年1月3日,5,還不錯玩
720,2018年1月3日,5,錢花很凶
792,2018年1月3日,5,好好玩
793,2018年1月3日,5,畫面優質
726,2018年1月3日,4,還行
727,2018年1月4日,5,很好玩
643,2018年1月4日,5,為什麼我有3顆（4級青寶石）卻無法三合一????（S61/角色.林爸～阿勇）
613,2018年1月4日,5,我覺得這個遊戲不錯
794,2018年1月4日,5,很好玩
743,2018年1月4日,5,很不錯
692,2018年1月4日,5,除了好玩還是好玩
695,2018年1月4日,3,還不錯玩
604,2018年1月4日,4,還不錯玩，儲值也是便宜便宜的
698,2018年1月5日,1,之前帳號完全無法進，怒刪!!!!!!!!!
659,2018年1月5日,3,不錯 滿好上手
706,2018年1月5日,5,很好玩的遊戲
585,2018年1月5日,2,全新PVP系統?？，實時真人對戰?？ 怎麽沒有呀，騙人的。如果有我給5呈。
617,2018年1月5日,1,一直無法登入是怎樣
696,2018年1月5日,5,打發時間不錯
649,2018年1月5日,5,目前感覺還不錯
565,2018年1月6日,4,唔夠金幣！太貴！應在任務中得到更多鑽石和$
590,2018年1月6日,3,為甚麼顯示正在讀取資料然後就斷線重連也還是一樣，，，(1服)
782,2018年1月6日,4,不錯玩
615,2018年1月6日,1,畫面一直登入不進去，要連兩~三次才能進去，快沒耐心了。
625,2018年1月6日,4,武將可以好中點就好了
745,2018年1月7日,4,不錯玩
744,2018年1月7日,5,不錯好玩
742,2018年1月7日,5,不錯玩
562,2018年1月7日,1,本來覺得還不錯玩 儲值了 相關問題就都跑出來 真87
691,2018年1月7日,5,好玩，畫質不錯，快來玩喔！
783,2018年1月7日,4,lets try
632,2018年1月7日,5,都不能用錢買名將
773,2018年1月7日,1,金幣太少了
572,2018年1月8日,1,無法進入遊戲請盡快處理我想玩遊戲😠😣舊服2區一直卡在40%是怎樣不給玩是不是  怒刪
784,2018年1月8日,5,真是不錯
650,2018年1月8日,3,登入時間過久
723,2018年1月8日,5,遊戲好玩
647,2018年1月8日,5,畫面順暢，滿足刺激感
626,2018年1月8日,5,怎麼會那麼好玩，等那麼多年可以好好的玩了
609,2018年1月8日,5,希望可以有自由模式
697,2018年1月9日,5,還不錯玩
769,2018年1月9日,5,非常好
785,2018年1月9日,5,我喜歡
651,2018年1月9日,3,還可以玩可是好像會很花錢……
629,2018年1月9日,5,剛開始玩覺得還不錯玩
739,2018年1月9日,5,超好玩
525,2018年2月10日,5,不錯玩
404,2018年2月10日,4,我是覺得啦這遊戲好玩歸好玩 不過寶箱抽武將的機率實在太低了一定要抽10次才會中一隻武將 官方可以修改一下寶箱中武將的機率拉高一點的只要修改 話這個遊戲就完美了
460,2018年2月10日,4,為什麼沒辦法進入遊戲啊…
527,2018年2月10日,5,很好玩
414,2018年2月10日,1,都已經一個月都沒有理會我們卡住在40%玩不到完全都沒當一會事莫非叫我們玩新版就沒有事嗎？當我們白痴咩錢就自己袋我們就話之你太不付責任。
598,2018年2月11日,1,一直卡在40%是怎樣！？不用解決嗎？！！？？
472,2018年2月11日,5,無雙遊戲太好了，無論是3D畫面，音效，動作，遊戲流暢，人物表現全部給上99分，唯一是鑽石真太少了，招財進宝也太少。其它滿分。
490,2018年2月11日,3,遊戲好玩，很舒壓（？） 可是不氪金好像活不下去qq
531,2018年2月13日,5,還不錯
495,2018年2月13日,1,Wifi玩卡入口登錄40趴，伺服器太差，刪了~~
530,2018年2月14日,5,很好玩
475,2018年2月14日,5,不錯，瞞好打發時間的，只是覺得有點單機模式跟其他玩家好像沒什麼能互動.....
455,2018年2月14日,5,明明wifi跟訊號都滿格，為什麼一直進不去
489,2018年2月15日,5,你有錢就會勁
519,2018年2月15日,2,換過網路了，花了快一個小時都等不進去。。
420,2018年2月16日,5,一直卡在40%，無法開啟遊戲 我的伺服器是極無雙，名字叫做 鬼舞亂斬，麻煩能處理一下嗎？
422,2018年2月17日,1,1.盡出一些爛活動 重復活動 都要花大筆鈔票買主要任務道具 才能換到東西 有夠黑。 2.遊戲登入一直有問題，一堆人反應都無效，爛團隊，只會一直開新服，放爛舊服，棄坑了。
421,2018年2月18日,4,登入一直失敗，到40%時會一直登不進去網路滿格訊號也滿格還是進不了
450,2018年2月18日,2,我帳號是孔明借風，每次進去時，都停在[更新遊戲存當]的40%，明明網路滿格，還是一樣，請改善
454,2018年2月18日,5,IT'S  SO FUN ! I love this game.
482,2018年2月1日,1,爛遊戲進不去，爛遊戲進不去，爛遊戲進不去
446,2018年2月20日,4,我唔見左帳號 可不可以攞回 我左新電話
488,2018年2月20日,5,S14 劉邦 玩十個月了
462,2018年2月21日,5,方向鍵可以更靈活一點，因為很容易不受控制，在打群兵時，很容易卡住方向
405,2018年2月22日,5,請問遊戲何時下架   請問你們什麼時候去跳海  我在晚上九點登入遊戲登入25分鐘都無法登入  害我玩不到兵臨城下  你們在搞什麼
511,2018年2月23日,1,這麼爛的遊戲，可以收一收了！
516,2018年2月23日,1,"為何一直無法登錄,麻煩處理一下好嗎？"
466,2018年2月23日,3,你們的遊戲是不錯玩  ！但會有一直閃退的問題 ！請盡快改進
411,2018年2月23日,1,什麼爛工程師遊戲越改版面爛一直無法登入，你們遊戲工程司技術很差還是在摸魚一直登不進遊戲，繼然很多玩家反應都登不是進去，是你們問題不是玩家網路問題你們要檢套改進而不是叫玩家換另一種Will如果沒有will區那不是不能玩這是什麼歪理你們快改散
479,2018年2月25日,3,儲值那麼多沒送 禮品
550,2018年2月26日,5,讚。
599,2018年2月26日,5,讚。
552,2018年2月26日,4,不錯
559,2018年2月27日,4,打發時間
518,2018年2月27日,4,更換了手機冇了賬號，可在那裹抓回，求助
400,2018年2月27日,1,爛透了 這種遊戲也敢拿出來給別人玩笑爆我的大牙 每次都到40%然後說與三國無法連線 真的是廢死了 浪費我的記憶體
481,2018年2月3日,5,好玩，不錯。
459,2018年2月4日,4,從下午一直卡在40%到底是怎樣了!？
407,2018年2月4日,1,又卡在40%..進不了遊戲！重開機到重灌一樣！話說上次反應回覆我改版後會改善..看起來狀況更糟
403,2018年2月4日,1,"不錯遊戲還滿好的,但是今天2月4號我儲值日儲我以被扣款31元,遊戲為什麼沒給我日儲的人物還給我斷線時間20.58分,請說明可以嗎？阿要賺錢就是不處理嗎？我伺服器s68......"
657,2018年2月4日,5,很符合我的口味
413,2018年2月5日,1,連續一個星期晚上要打兵臨天下都斷線然後卡40%，換了網路也是一樣，根本都沒人解決!
418,2018年2月5日,4,大家不知道有沒有發現，最近剛好朋友給我一個ios帳號，我發現一樣的儲值商品，在安卓上面收費1560元，在ios只要1490元，單一筆差70元，如果一直都有在儲值的玩家，累積下來也是一筆金額……很想了解為什麼會有收費差異
535,2018年2月7日,5,不錯
440,2018年2月7日,1,登入畫面再繼續卡在40%我們只能玩其他流暢的遊戲了
478,2018年2月8日,1,卡在40問題很久都不能解決
416,2018年2月9日,1,完全都試過了 在伺服器第二 好幾天了 重試都沒辦法就是卡在40%    網路訊號完全正常  試過其他伺服器卻能進入遊戲 唯獨第二伺服器沒辦法
595,2018年2月9日,1,"40%進不去，重灌也是跑不動,,數據4G滿格，回覆只要5星，過年前剛好大家包一包去玩天堂乾脆點囉！！"
532,2018年3月10日,4,畫面美
503,2018年3月11日,5,"非常,非常好,不用改善,希望繼續努力"
597,2018年3月12日,4,不能進去？？？？？？掛了嗎？？？？
461,2018年3月12日,4,昨晚9點後一直進不了遊戲，伺服器down了嗎？
524,2018年3月12日,5,好玩。。。
443,2018年3月12日,5,目前19服無法登入嗎？
476,2018年3月12日,5,怎麼昨晚到今天早上沒有辦法上線，有公告在維修嗎？
483,2018年3月12日,5,目前19服無法登入嗎？
526,2018年3月15日,5,非常好玩
445,2018年3月16日,5,畫面做的很棒
514,2018年3月17日,5,我覺得很好玩
417,2018年3月17日,5,剛下載剛玩 要再開就卡在檢查版本 還沒坑我錢就讓我推坑 要不要那麼佛
551,2018年3月17日,5,不錯
521,2018年3月17日,5,不錯
509,2018年3月17日,5,簡單好操作
534,2018年3月18日,5,very good
555,2018年3月19日,5,很好玩
513,2018年3月19日,5,我覺得很好玩
453,2018年3月1日,5,有些玩家的人物可以像一個湧泉下來就會補血。要怎樣才可以做到那樣
410,2018年3月1日,1,早上首存，晚上不能玩!!檢查版本檢查了半個多小時都沒有1%，是在檢查什麼
553,2018年3月1日,5,GOOD
508,2018年3月20日,3,都算好玩
477,2018年3月21日,1,都停留在40 趴請改善
449,2018年3月21日,4,為何visa無法儲值
444,2018年3月22日,4,希望遊戲能再多元化
401,2018年3月22日,1,一個遊戲高收費，破服務 ，人多就登入不了，這種伺服器，還一直開服再來併服，當玩家都是白痴
493,2018年3月24日,5,再加一個劉備
520,2018年3月24日,5,好玩
504,2018年3月25日,5,很好玩，畫面很帥
529,2018年3月25日,1,為什麼5000多的鑽石經過一晚，隔天在登入只剩下500？？？？？？ 坑錢嗎？
406,2018年3月26日,1,每天任務全過完獎勵卻少到爆！！賺金幣的速度永遠比不上升等的速度！！遊戲獎勵跟需要物資供需實在差太多！！想要玩家花錢買鑽，也該平衡遊戲裡的物資供需吧！！
465,2018年3月26日,4,我覺得所有培養的東西， 不應該再花鑽石比較合理啊！  公司可以改善一下嗎！？
458,2018年3月26日,1,網路環境換多少了?客服也只會講屁話而已。
544,2018年3月26日,5,還好
512,2018年3月27日,5,很刺激喔很好玩喔
415,2018年3月27日,2,算吧啦，你哋當玩家白痴既咩，原本係個制作得好好既手游，一多人玩之後，錢就大於一切，將個游戲變成搖錢樹，不停改遊戲，基本福利越來越少，禮品越來越差，連節日都唔送禮品，連玩家用時間同錢蓄既資源都要囉返出黎重要+錢先換到野…感樣令玩家冇資源被逼比錢買鑽，真係絶到冇朋友！而家小人玩到要合服，冇人玩點合服都冇用啦！襯重有少量玩家玩緊好賣貴啲啦！唔係啲人走晒，平都冇用！
507,2018年3月29日,5,檢潔有力
558,2018年3月2日,5,我喜欢
486,2018年3月2日,3,剛玩，暫時不錯
412,2018年3月31日,5,我的帳號要怎麼找回來 有帳號可是找不到原本的伺服器 要怎麼找回之前的角色
463,2018年3月31日,4,畫質不錯，操作也方便只是很耗電
457,2018年3月31日,5,我的帳號要怎麼找回來 有帳號可是找不到原本的伺服器 要怎麼找回之前的角色
515,2018年3月3日,1,跑不進去啊 幹什麼
491,2018年3月3日,1,一個坑殺笨蛋丟錢的遊戲。
485,2018年3月4日,5,非常好玩
408,2018年3月4日,1,遊戲根本開不起來   很久以前都沒這個問題   為什麼現在卻出現了呢？ 我看很多人都有這個問題   你們卻一點改進都沒有   等你們真的改善這問題  我在給五星吧
467,2018年3月4日,5,如果可以從遊戲內直接更換帳號會更好
517,2018年3月5日,1,一直停在40%的問題不處理，只顧開新服騙錢...
557,2018年3月5日,4,不錯玩
505,2018年3月5日,5,各項活動可以增加「跳過」的的功能嗎？
451,2018年3月9日,3,第2服有我的帳，卻打不開，快修，修好才給5星
556,2018年3月9日,2,不能玩
549,2018年4月12日,5,很好玩
522,2018年4月12日,5,好玩
502,2018年4月12日,4,日儲有禮問題
501,2018年4月12日,5,持之以恆就會越玩越好玩
448,2018年4月12日,4,如何刪除自創帳號密碼？
500,2018年4月13日,5,好畫值
548,2018年4月14日,5,五星
474,2018年4月14日,1,以前玩的帳號都不見了，手機帳號都沒換ㄟ 帳號都有綁定fb
464,2018年4月14日,1,為什麼我很久沒登，現在要登都登不進去，都說我與三國失去連線，怎樣才能登錄？
441,2018年4月14日,4,馬的連不進去是怎樣
546,2018年4月15日,5,Good
545,2018年4月15日,4,很累格(￣∇￣)麻煩請改善一下喲
452,2018年4月15日,1,"沒次玩都閃退,我生氣了我不玩了"
547,2018年4月15日,5,好玩
480,2018年4月17日,5,好樣的 讚
468,2018年4月17日,4,是不錯玩，就是抽武將要花很多元寶才有高等級的
499,2018年4月17日,5,還不錯，容易上手
469,2018年4月18日,5,非常棒的設計，完美的概念，不常玩的也有獎勵
496,2018年4月18日,4,下載更新後不能安裝，怎辦?
498,2018年4月18日,3,好玩性越來越低。
373,2018年4月18日,5,還不錯玩，招募碼RDCD5y
368,2018年4月18日,3,更新完之後網路就有點奇怪
364,2018年4月18日,5,遊戲很好玩，但希望普通關卡等級限制可以取消，等好久才能打一關
335,2018年4月18日,5,好玩，經驗非常少可以改大量例如加10000000英雄碎片非常難收集可以改成打任何戰場上都可以順便收集經驗和英雄碎片和任何資源例如以遊戲幣升級可以改成自動補滿體力和經驗加倍60趴可以新增自動補血系統嗎？鑽石非常少請修改
539,2018年4月18日,5,好玩
540,2018年4月18日,4,不錯！我喜歡～
541,2018年4月18日,4,下載更新後不能安裝，怎辦?
542,2018年4月18日,5,好好玩
543,2018年4月18日,5,👧恩恩
497,2018年4月18日,5,希望送更多鑽石
409,2018年4月18日,1,如果有自由練習關卡 練習技巧（有些許經驗值） 我想會更好 不然一天只玩一個多小時 就沒內容玩了
397,2018年4月18日,1,更新完進不去，跳出桌面
389,2018年4月19日,5,這次活動讓好多玩家喜歡
377,2018年4月19日,5,更新後無法進入 可以改善一下 還有關卡可以取消等級限制嗎 不然都等升等才可以玩
398,2018年4月19日,5,真好玩
385,2018年4月19日,5,刺激又好玩
439,2018年4月19日,4,不錯玩
433,2018年4月19日,4,好玩
334,2018年4月19日,1,越來越糞，三人擂臺D武將成日走埋一推，後面嗰兩個系咁走唔出招，技又唔放，其他 斃端更不能盡錄！所以。。。未畀錢玩朋友就可以省省。
473,2018年4月19日,3,網路正常可是更新還是很慢
494,2018年4月19日,1,為什麼我極無雙無法安裝
471,2018年4月20日,5,從此挖額挨餓哦誒啊我在瑜伽前主席賽額按噢誤開車日哦誒與
537,2018年4月20日,4,不錯
370,2018年4月20日,4,很好玩 如果能在多一點鑽石就更好了
390,2018年4月20日,5,好玩我喜歡喔！
391,2018年4月21日,5,很好玩，拜託在更新
607,2018年4月21日,1,看了廣告，決定刪除遊戲
392,2018年4月21日,5,玩看看，還不錯玩
361,2018年4月21日,5,還蠻好玩的，不錯的遊戲
393,2018年4月21日,5,Good game!
329,2018年4月21日,1,"龍升等永遠卡，不讓人升… 
這樣升等的機率我以後不會再除值了…還五星，只值負星，我已經玩了一年多了，觀察很久了，機率要花大錢，抱歉以後不會再有了，要刪我留言也沒關係"
438,2018年4月21日,4,Go
588,2018年4月21日,1,看了廣告，決定刪除遊戲
435,2018年4月21日,5,不錯
434,2018年4月21日,5,好玩刺激
371,2018年4月21日,3,原本还几好的。但今次新的版本更新了很多遍，都下载不了。
394,2018年4月21日,5,好玩～比較好
336,2018年4月21日,1,"看到你們的廣告就覺得很沒水準 如果想吸引人請不要他們的在那邊物化女性好嗎 以為很露骨的廣告詞會吸引玩家 別想了那只是種沒知識沒水準沒大腦的舉動而已 
如果還要繼續播請去彩虹頻道謝謝"
470,2018年4月22日,1,不錯.. 歡迎來加我好友 這是我的邀請碼 MmdCmm
324,2018年4月22日,1,已經向NCC檢舉你們不當的廣告，下載遊戲只是為了評價你們這不懂得尊重女性的爛遊戲，絕對不會玩這種另人無言的遊戲😠
360,2018年4月22日,1,夜夜笙歌在廣告賣弄淫靡氣息，貴司工作一定很酥糊！
362,2018年4月22日,1,低級至極的廣告，不相信做遊戲能有多認真，抵制絕不玩
365,2018年4月22日,1,廣告實在不適合在電視上播，為了給評論特定下載，我不會玩的，馬上就刪除了
367,2018年4月22日,1,低級當有趣的廣告 特地下載遊戲來給負評 下次用點腦選廣告文案行嗎？
369,2018年4月22日,2,很傻眼，玩了很久的遊戲，甚至儲值幾次，但最近改版的廣告卻讓人極度不舒服…… 會考慮刪除遊戲了。
399,2018年4月22日,3,豬公出现次数要多些，
384,2018年4月22日,1,低級當有趣，特地下載留一星
423,2018年4月22日,5,Gd
372,2018年4月22日,1,光昨天看到你們那充滿性暗示的廣告我就想給你負評了
437,2018年4月22日,5,好玩
380,2018年4月22日,1,極盡下流之廣告，讓我女兒受到不良教育，很擔心以後女兒去學校被男生壓頭
429,2018年4月22日,1,垃圾
436,2018年4月22日,5,good
379,2018年4月22日,1,幹你娘機八！垃圾遊戲！為什麼現在什麼密碼錯誤密碼我都沒換過！最好趕快給我用好喔！幹……
378,2018年4月22日,1,因為你們的廣告，讓我放棄覺得很不錯玩的遊戲
376,2018年4月22日,5,還不錯，希望鑽石能多送點
375,2018年4月22日,1,下載這個遊戲，只是單純想給一顆星，因為你們廣告很不入流，哈哈哈
430,2018年4月23日,5,畫質不錯
386,2018年4月23日,1,浪費時間
387,2018年4月23日,1,低級當有趣
395,2018年4月23日,5,我覺得天天都能得到趙雲碎片超爽！！！
366,2018年4月23日,1,電視廣告，6一波消費女性，不顧大眾觀感，真服了公司上層
326,2018年4月24日,1,時代在變、社會在變，別再以為用這種低賤廣告的反向炒作就能營造更多的利潤。下載只為了留言唾棄你們這種噁爛的遊戲商。
396,2018年4月24日,3,流暢度不夠
382,2018年4月24日,5,好玩啊超級熱血
432,2018年4月24日,3,還可以
383,2018年4月25日,3,為什麼改版之後都登不進去
426,2018年4月25日,5,很棒
431,2018年4月25日,5,Good
428,2018年4月26日,3,Good
333,2018年4月26日,4,請問 今天開新伺服器 我不小心登錯服 也買了永久卡 客服能處理一下退費嗎 或轉移
381,2018年4月26日,4,請問 今天開新伺服器 我不小心登錯服 也買了永久卡 客服能處理一下退費嗎 或轉移
363,2018年4月26日,5,登不進去呀，為什麼？
427,2018年4月27日,5,太好玩了
388,2018年4月27日,5,讚 很好玩
374,2018年4月27日,5,"我本來是極無雙的忠實玩家 但換了手機之後我原本玩的伺服器 都找不到 還給我 切換到 新的伺服器 讓我很生氣 我在舊的伺服器已經練到很強了 
清還我舊的伺服器"
642,2018年4月27日,3,為什麼我的更新跑不動
327,2018年4月27日,5,這些人物很多工能我想學
328,2018年4月28日,1,廣告噁的吸引我進來給1星
332,2018年4月28日,1,這是沒水準廣告的分數
582,2018年4月28日,1,怎麼無法安裝。過了四個月了。還是無法安裝。之前玩到80幾級了。現在卻無法安裝。是否能提供原因
506,2018年4月2日,4,還不錯玩
447,2018年4月2日,1,我已經解除安裝了，但還是偶爾會來看留言的。
331,2018年4月30日,2,怎麼沒有背包。這樣掉落東西跑去那邊看。。紅色碎片要1000要去那邊搶。貴貴貴燒錢
442,2018年4月30日,5,好玩!!!
402,2018年4月3日,4,我是伺服器glorious battle中Vema軍團的人，我這週都沒拿到襄陽的貂蟬稅收碎片，請幫我查明原因。
538,2018年4月4日,5,可玩
523,2018年4月4日,5,好玩
554,2018年4月4日,5,好好玩
456,2018年4月4日,1,根本就是爛遊戲更新跟人這樣爛氣死了每次登入都沒辦法進入 什麼爛遊戲
487,2018年4月6日,5,太好玩了，我希望有更多新角色
484,2018年4月6日,5,好玩，動作流暢
510,2018年4月6日,5,晝面精美
419,2018年4月7日,1,收完問鼎的獎勵我之前3集的技能書都不見了，現在是又再坑玩家嗎？剛改版完戰力掉幾千就算了，現在連升的東西也搞丟，你們的記憶體是假的嗎？
528,2018年4月8日,5,很好玩的
570,2018年4月8日,1,誇張吶現在完全進不去浪費我那麼多台幣，搞甚麼啦～這遊戲從剛創我就在玩了，現在我非常失望我已刪除了根本進不去，玩了那麼多年也花到V7了，最後還是失望(S7千里單騎吳磊
240,2018年5月10日,2,我明明網路滿格，卻常常斷線
249,2018年5月14日,3,好玩，礸入手太少難， 輸入了綁定電郵但是永遠沒有回覆
251,2018年5月14日,2,為何儲存$4.99那個 裝備都沒拿到咧
244,2018年5月14日,5,可以掛機，正！
350,2018年5月15日,5,不錯玩
307,2018年5月15日,5,讚，好玩
345,2018年5月15日,3,外掛太多了
346,2018年5月15日,5,很好玩
308,2018年5月15日,5,好玩
349,2018年5月15日,2,沒人玩
305,2018年5月15日,4,Good
296,2018年5月15日,5,還好吧
353,2018年5月15日,5,好玩…
245,2018年5月15日,5,消磨時間的好遊戲！
248,2018年5月15日,5,非常棒 提報外掛都有在處理 很好 下次廣告不要再出包了
291,2018年5月15日,5,很好玩的
290,2018年5月15日,5,很好玩
315,2018年5月15日,5,滿好玩的
322,2018年5月15日,5,好玩容易上手的遊戲
241,2018年5月16日,5,"很好玩，我是課金玩家 目前大約花4萬 
但是不建議大家花錢課金玩了，遊戲有掛，我們這些課金玩家戰力高，不如低戰力的掛，排名都他們搶走，連遊戲活動的魔神他們也能以低戰力搶前三名 
85服的vip15 居然還不如低戰力掛 
官方有在抓掛，但是其中一個掛被鎖七天解鎖繼續掛，這掛還能在攻城時使用，嚴重影響我們遊戲品質，官方在不嚴懲，課金玩家將會失去信心"
293,2018年5月16日,5,很好玩
271,2018年5月16日,4,這遊戲真心推薦打發時間
255,2018年5月16日,5,體力有點少
265,2018年5月16日,5,好玩!
269,2018年5月16日,3,一定要儲值才有好英雄嗎…
304,2018年5月16日,4,好玩
344,2018年5月16日,5,好玩
348,2018年5月16日,5,好玩
302,2018年5月17日,5,good
310,2018年5月18日,4,Good
425,2018年5月18日,5,goodgame
303,2018年5月18日,5,好玩
317,2018年5月18日,4,玩了會，不錯
246,2018年5月18日,4,遊戲改版 節奏順暢。試玩看看
289,2018年5月18日,5,畫質優秀，值得一玩。
242,2018年5月19日,3,為什麼同一服的不能加好友很怪餒
243,2018年5月19日,2,我之前帳號都不見了
297,2018年5月19日,4,正...好玩
536,2018年5月20日,5,非常好玩
343,2018年5月22日,5,遊戲很好玩
301,2018年5月22日,5,great
253,2018年5月22日,1,你們這遊戲常常與三國失去連結這是什麼爛東西，鑽石難拿東西又貴只有花錢才是老大。之前進不來就很糟糕這次呢又讓我很失望嗨呀…廢遊戲。遭透了建議大家別來玩。。。
316,2018年5月23日,5,簡單好玩
300,2018年5月23日,5,好玩
270,2018年5月24日,5,我想说的是不错的游戏
273,2018年5月24日,5,不用克金慢慢玩也能很強 但是體力有點麻煩
267,2018年5月24日,5,不錯，如果有更多掃蕩關卡更好！
250,2018年5月24日,3,整天都彈與三國世界失去聯繫，希望可以改善，它很麻煩
342,2018年5月25日,3,一個很好玩的手遊，如果獎勵再多一點，那就更完美了
341,2018年5月26日,5,非常爛的遊戲常常進不去
247,2018年5月26日,5,我玩87級了，好玩大家可以來加我好友喔！
313,2018年5月26日,4,好玩遊戲
257,2018年5月26日,4,換了手機忘了我最高等99等的是那個 伺服器可以幫我查嗎？
314,2018年5月27日,5,還不錯
311,2018年5月28日,5,打發時間 打發時間
264,2018年5月28日,5,我的鑽石不見了好多
299,2018年5月28日,5,棒
295,2018年5月29日,5,玩玩玩玩玩
256,2018年5月29日,5,愛玩家就不要大量買賣行為
258,2018年5月29日,5,好玩有震撼感
263,2018年5月29日,5,還不錯玩
354,2018年5月2日,2,我昨天開始 FB 無法登入
320,2018年5月2日,1,為什麼一更新我什麼都沒有，又要從前面玩，，我完那麼久，誰還會記得帳號密碼，好不容易升級的那麼高，缺什麼都沒有，
359,2018年5月2日,2,更新完了又不給登入，什麼意思？
355,2018年5月3日,2,無法登入！登入畫面一直重複… 請改善
358,2018年5月3日,5,還不錯，，推
347,2018年5月4日,1,載到40%的時候都會顯示無法聯接
352,2018年5月4日,5,昨天登入用臉書登不進去
356,2018年5月4日,1,"爛,根本就無法玩"
351,2018年5月5日,1,沒有錢就不用進來了，還會黑玩家權益，小動作很多，微調數據第一
283,2018年5月6日,1,爛遊戲我都登不進去它一直說與伺服器失去連接想要五顆星嗎？妄想
357,2018年5月6日,1,遊戲是下載來玩的~不是下載來等登入的~
281,2018年5月6日,2,今天一直無法登入請盡快處理
284,2018年5月6日,1,全面抵制遊戲根新三國誌遊戲一樣無法進去，現在是這樣還要重新玩嗎，真是有夠火大
288,2018年5月6日,5,有時進的去有時進不去氣死人
287,2018年5月6日,1,怎麼都登不進去
325,2018年5月7日,1,啊我的帳怎麼不見了
323,2018年5月7日,1,還是進不去
280,2018年5月7日,3,是不是伺服器爆滿，為什麼登不進去？
282,2018年5月7日,1,啊我的帳怎麼不見了
285,2018年5月8日,1,你妹的85服外掛一堆。玩屁唷！！儲值都跟傻子一樣。你不處理一下嗎？
286,2018年5月8日,5,可以玩只是下載後要先退出一下再登入就可以
330,2018年5月8日,4,還不錯
202,2018年6月10日,5,剛玩但似乎還說的上簡單易上手
260,2018年6月10日,3,O K
204,2018年6月11日,5,要是能平衡不克金與克金之間的差距就更好了
312,2018年6月11日,5,起帥
213,2018年6月11日,3,我儲值的鑽石呢？以顯示儲值成功但是鑽石沒有入帳啊！爛遊戲 我用MyCard儲值的
230,2018年6月12日,5,還不錯
233,2018年6月12日,4,還ok，可
252,2018年6月13日,2,玩了一年了……每次更新都有問題！這次重新下載就一直卡在開始加載界面那裡就不動了！麻煩處理一下好嗎？！
275,2018年6月13日,5,好玩
231,2018年6月13日,5,很好玩
237,2018年6月14日,2,為什麼我單人競技獲得的稱號不見了，不是說永久的嗎？
199,2018年6月14日,3,以前角色找不到
279,2018年6月14日,5,很好玩
173,2018年6月14日,1,"你們一致力好勇喔！ 這重爛遊戲還沒倒喔！ 真是不簡單! 虧我花三萬多塊台幣非常忍真用心玩！ 結果讓我非常感到內心焦著呀！ 
你們也吃吃台幣吃很重什麼都即呼都要花去抽獎，我有一個月都在抽獎但沒有我要的，哪就算了，靜然還會時長累個！......讓我痛苦萬分，而你們一直也都愛理不理的什麼意思呀！ 
要倒了沒有！ 什麼爛遊戲，吃屎算了! 你們也沒有什麼回愧給我"
229,2018年6月14日,5,很好玩
174,2018年6月14日,1,"資深小V16老玩家統整如下: 1：太花時間 2：一堆任務加一堆任務限定時間=整天被綁住 (一堆遊戲都有內掛不用整天被綁住) 
3：什麼都要鑽(且非常大量) 4：廣告太糟糕，彷彿玩的男性都很沒品，女性很隨意？ 結論=導致玩家難生存大量出走，官方依然故我… 建議如下、 
1：活動更新時間統一或全時段皆可完成與兌換(ex 
一般更新為凌晨5點，魔神20點結算，三人21點，單人22點，特定活動為整點、週六城戰為20：30；21點…我們的時間幾乎都被綁住了… 
2：我們有家人，有事業(學業)，貴企劃一直不改善，我們時間一直被綁住=被迫棄遊"
166,2018年6月15日,5,都幾好玩 岩岩開始
164,2018年6月15日,5,不用自動戰鬥
165,2018年6月17日,5,it is a good game
234,2018年6月17日,5,別關遊客模式
203,2018年6月17日,5,it is a good game
226,2018年6月17日,5,很好
239,2018年6月17日,5,好玩
228,2018年6月18日,1,爛透了
198,2018年6月19日,1,改版越改越爛了！不該花錢玩這款遊戲
219,2018年6月19日,5,還蠻好玩的
266,2018年6月1日,4,遊戲難度編的剛好，好玩
298,2018年6月1日,5,好玩
162,2018年6月20日,1,帳號沒辦法登入到一半時都直接跑出來原畫面你們這遊戲真的好差東西又貴，麻煩你們趕快處理我過幾天之後我看看有沒有恢復，沒恢復代表你們不負責任，我是二服的蕾芠請你們趕快，如果有解決我立刻評五星，順便叫多一點人來玩。
163,2018年6月20日,4,還不錯玩，只是世界頻都說英文看不懂
172,2018年6月20日,1,到底閃退問題那時要解決阿，整天只會要玩家花錢去儲值，問題出現就TMD要人一直等。
227,2018年6月20日,5,不錯玩
259,2018年6月20日,5,好玩
225,2018年6月20日,4,"遊戲好玩，遊戲幣很少不夠花><"""
224,2018年6月20日,3,小好玩
220,2018年6月21日,3,連續打……一直打蚩尤秘境一直斷線……無奈啊
208,2018年6月21日,5,超級好玩
193,2018年6月22日,5,好
218,2018年6月23日,5,好玩
132,2018年6月23日,4,都還不錯，只是高級主將都很難得到！
161,2018年6月23日,5,武將好難拿
197,2018年6月24日,5,Good
196,2018年6月25日,4,更新不了，一直都下載不完，儘快處理一下
128,2018年6月26日,1,"登入一直卡在40%,請問要怎麼玩"
533,2018年6月27日,5,good
113,2018年6月27日,1,現在除了出奇制勝會當，左慈也會當掉，越修正當的更厲害，真佩服
201,2018年6月27日,5,還不錯玩
158,2018年6月27日,5,好！很好！！非常好！！！ 值得推荐😉
114,2018年6月27日,4,遊戲模式很喜歡 可惜有些武將要花錢才能拿到
108,2018年6月29日,3,最近玩起來感覺很差，有時常常進不去遊戲，昨晚6/29更扯，玩的好好的突然跳出，再連進去，帳號已經被重置，拜託我已經玩到105級，還要我從1級重練？VIP呢？
262,2018年6月2日,5,真不錯好玩
217,2018年6月30日,5,不錯玩
195,2018年6月30日,5,邀請碼: 22316674
194,2018年6月30日,3,還不錯
103,2018年6月30日,1,"幹!你的回覆真的答非所問 稍早看了其他玩家的問題，你的回覆也幾乎是答非所問，沒有解決玩家的問題，只會要求玩家給五顆星 
真不知道貴公司請你來上班是做什麼的? 要不是不能能給負五顆星，我一定毫不猶豫給負五顆星。我只要有空就只會給你一顆星"
292,2018年6月3日,5,打發時間
309,2018年6月5日,5,超級好玩 超級好玩
318,2018年6月5日,4,怎麼都卡在40%當了。
277,2018年6月5日,5,好玩
340,2018年6月5日,5,真不錯玩
212,2018年6月6日,4,很好玩，不过角色替换不太灵活，很辛苦把角色幻甲提升了很多，后来有了更好的武将，居然要1500钻石重生，对我这些无课玩家实在负担有点大。望能采纳
222,2018年6月6日,1,遊戲系統跑馬燈可以取消？ 還有資源少的可憐
254,2018年6月6日,5,好玩初次玩覺得很好玩。繼續努力玩下去再過另一個週年
424,2018年6月6日,5,好好玩
339,2018年6月6日,4,雖然練等難，玩法不多元，但是是簡單好玩的無腦遊戲喔
319,2018年6月6日,4,玩法比較容易
236,2018年6月6日,1,更新後昨天兩個帳號同密碼還好好的可以玩，今天就一個可以一個密碼錯誤………………
238,2018年6月6日,5,想法就看能不能買什麼都不用錢
207,2018年6月6日,1,程式設計有問題，打掉重練。 卡登入都無法解決
261,2018年6月6日,4,玩法比較容易
274,2018年6月6日,4,😊
337,2018年6月6日,1,不能更新
338,2018年6月6日,3,好玩
272,2018年6月6日,5,但經常上不到線
221,2018年6月6日,5,裡面沉海底s70伺服器外掛不然那些儲值高的怎麼會高興，請查明
223,2018年6月6日,1,新程式竟然说不能兼容我的手机。我是s8+，不可能旧款吧。
235,2018年6月7日,1,更新後不能進入遊戲
268,2018年6月7日,2,無法更新，更新三才還是沒法玩
276,2018年6月8日,5,好玩
209,2018年6月8日,5,飛天小毛ㄟ賊
215,2018年6月9日,1,永遠無法登入
205,2018年6月9日,4,這是我玩過最好玩的三國遊戲!
211,2018年6月9日,5,可以有多些鑽石給玩家每天玩時領取
210,2018年6月9日,5,為什麼更 新了遊戲，但 遊戲入面的聊天室用不得 可以寫字，但發不了出去，麻煩請工作 人員跟一跟，
306,2018年6月9日,5,好棒棒
278,2018年6月9日,5,加油
232,2018年6月9日,5,超級好玩
294,2018年7月10日,5,好玩
190,2018年7月11日,5,很好玩
118,2018年7月11日,5,好玩 可是 可不可以讓大家各挑一隻紅將 不然 如果不儲值根本拿不到紅將 拜託
110,2018年7月11日,5,直接五顆啦 跪求大大開放郭嘉給平民拿 我口袋空空但我很努力想要郭嘉哭哭
144,2018年7月12日,1,一直失去連線是怎樣
107,2018年7月13日,1,我原本係iphone玩 現在轉了android 登入番一個帳戶 要重新玩過 可吾可以轉番過去 VIP5 剛買月卡果d
135,2018年7月14日,1,連進去都沒辦法進去要我玩什麼拉
188,2018年7月14日,5,好玩
189,2018年7月14日,5,好玩
122,2018年7月14日,5,遊戲很棒 可以升等 還可以玩穿關 我覺得這個是我可以減少壓力的好遊戲
120,2018年7月14日,1,為何突然變新角 ７０幾級的帳沒了 重登一樣 求修復
185,2018年7月15日,5,好玩
186,2018年7月15日,5,好
169,2018年7月16日,5,還不錯玩
154,2018年7月17日,5,我啱啱開始玩， ok好玩
149,2018年7月1日,3,搞不懂在玩什麼
184,2018年7月20日,5,不錯玩
147,2018年7月21日,5,還蠻經典又不錯
321,2018年7月22日,2,台幣花到vip10，已砍遊戲!
157,2018年7月23日,5,很好玩也很棒
141,2018年7月23日,5,終於幫我找回帳號了 感謝
139,2018年7月27日,4,不錯 只是升等較慢 花錢 好玩
183,2018年7月27日,5,好玩
126,2018年7月27日,4,好玩是好玩 麻煩網路品質好點
170,2018年7月27日,5,·好玩人物也很美很帥·
150,2018年7月29日,4,怎麼不能玩了真是的
148,2018年7月29日,1,不斷死机卡卡卡玩什麼呀
140,2018年7月2日,1,一個台灣詐騙公司。小心
187,2018年7月2日,1,關卡進不去
192,2018年7月2日,5,Very Good。。。
106,2018年7月2日,5,兵人大作戰，昨天早上的六個免費步數沒有給我重置。我刪除遊戲重灌也沒有，是強迫人家買步數嗎？且問官網也不回。之前原本是這樣。。後來不得不給五星，因為官方真的有補還給我，覺得很棒。
155,2018年7月31日,5,非常好玩
182,2018年7月31日,5,好靚
159,2018年7月3日,5,好棒棒唷
138,2018年7月4日,2,時間會不會太短啊媽的
112,2018年7月4日,2,尋友超爛朋友告訴極無雙的玩家名字卻一直找不到
216,2018年7月4日,5,不錯玩
200,2018年7月5日,5,我覺得好玩
124,2018年7月6日,4,沒 就覺得很好玩
146,2018年7月6日,4,忘了好久之前的帳號了
111,2018年7月6日,2,系統今天維護完後，出奇制勝就無法進入卡在45%，卸載遊戲再安裝還是一樣，請儘量排除解決，謝謝
117,2018年7月7日,4,玩了兩年、你主機 更新 我就完全開不到機 點解
133,2018年7月7日,5,我的邀請碼:22967187
160,2018年7月7日,5,還不錯玩
116,2018年7月8日,5,儲值了 沒領到獎勵啊~有po在fb粉絲專頁沒回應啊
105,2018年7月8日,1,"爛遊戲坑錢又坑時間 武將就不要升點戰力 媽的你們系統也自己升級 出奇明明就固定戰力玩家越升等級關卡數是越打越少 照你們這樣設定玩到你們倒閉也是爛角色 
別的遊戲越玩是越強 爛遊戲是角色越玩越爛 爛遊戲 趕緊倒一倒 啥時間下架 超級極爛無雙 給你們---負五百星都還嫌少"
191,2018年7月9日,5,好玩欸
214,2018年8月12日,3,我明明沒有升級怎麼變VIP3了
119,2018年8月13日,5,為什麼我沒有儲值卻莫名其妙變VIP3而且顯示我有儲值？請交代清楚好嗎？
127,2018年8月13日,1,沒有儲值怎麼會突然變VIP3？ 這是什麼情況？ 可以跟我們說一下嗎？ 是遊戲回饋？ 還是強迫儲值？
115,2018年8月13日,1,官方活動騙人，讓玩家花了24000鑽石換到的熔炎之翼，在來說東西說是bug，玩家要求返回鑽石不想參加活動也不肯，花了24000鑽石補償500鑽，讓玩家浪費了23500鑽石，結果補償不好跑掉了好多玩家，一切都要以官方為主，玩家只能乖乖接受，這樣還要玩嗎？新玩家要注意喔
145,2018年8月13日,5,大至算出色。希望人物在弄好看些，多出些時裝。
179,2018年8月13日,5,好
180,2018年8月13日,4,好玩
178,2018年8月15日,5,好玩
123,2018年8月15日,2,我用我的帳號登入，為什麼要開始又是新手教學，用完時，點選主將，按確認，卻無法按，我之前的帳號到哪裡了？
153,2018年8月15日,5,非常不錯玩的遊戲
130,2018年8月15日,5,好玩，由其戰力在跟其他玩家不相上下時，更想超越那種感覺，真是棒級了。
125,2018年8月15日,1,每次升一級， 才開放一個關卡給戰士， 關卡 太少， 越來越覺得 很悶沒有新意， 可不可以改善一下
177,2018年8月16日,5,good game
129,2018年8月16日,1,希望貴公司用点心思，玩了那麼久，遊戲都沒什麼改變。太爛了吧!
121,2018年8月16日,1,三人擂台我戰力比對方高 結果打輸對方是啥小？ 難道這戰力是做爽的？
171,2018年8月17日,5,還不錯玩
143,2018年8月17日,5,請問超商儲值要怎麼儲
104,2018年8月18日,1,８/18日 晚上8點後系統怎麼了動不動 資料讀取中 害我逐鹿中原不能好好玩 請多用點心做遊戲 我快玩不下去
176,2018年8月19日,5,遊戲很不錯。
136,2018年8月20日,3,我從36服後就不能登，這樣我的帳號等於廢了
167,2018年8月20日,5,太好玩了阿
109,2018年8月20日,5,此遊戲若是多出軍團組隊打死【頭目關卡】，該玩家會得到該頭目裝備來炫耀！不知道多少不玩的高手玩家回來打頭目。
156,2018年8月22日,5,好玩的遊戲
131,2018年8月22日,4,有些金將或紅將碎片我可能永遠拿不到例如左慈
142,2018年8月23日,5,畫面華麗 做動順暢 技能豐富
42,2018年8月23日,5,不能玩，要維修不會找冷門時段維修
492,2018年8月23日,5,這個遊戲真的很好玩哦
175,2018年8月23日,5,好玩，，不過打不太過……
72,2018年8月23日,5,希望福利可以在更多一點 😆😆
61,2018年8月23日,1,換了手機 找不到原本的伺服器
52,2018年8月24日,5,真是一款值得推薦的遊戲
29,2018年8月24日,3,打三英要給錢幣，打蚩尤也要，提升裝備一級要40多萬錢幣，還未計提升主將天賦也要 但摸金每日打3次只會掉2，30萬幣，另加商店換購每日只有10萬左右，過關斬將戰力不能提升要怎樣過才能拿幣
92,2018年8月24日,5,Go
94,2018年8月24日,4,好
168,2018年8月24日,1,"要W,FI才能下載，麻煩"
35,2018年8月24日,3,鑽石賺慢沒關係…可不可以金幣好賺一點！強化裝備幾次都乾了！
73,2018年8月25日,5,超級好玩 超好玩的
76,2018年8月25日,5,讚辣
77,2018年8月25日,5,不錯玩
206,2018年8月25日,3,容量很大手機不夠 沒有更新不能玩
53,2018年8月28日,5,蠻耐玩的遊戲，鑽石也給得很慷慨
39,2018年8月28日,4,轉了新電話，如何張舊level 轉到新電話裡 ？
33,2018年8月29日,5,為什麼有綁定EG帳號也記得但顯示都錯誤要改密碼電子信箱也是錯誤？
91,2018年8月30日,5,Ok
151,2018年8月5日,5,招財的週期太不穩定了
181,2018年8月7日,5,好玩
152,2018年8月7日,5,武將可以多一點
137,2018年8月9日,5,我能充值，担是只能买钻石而已，请问月卡怎买不到？
78,2018年9月10日,5,很好玩
68,2018年9月11日,3,金幣太難賺了
97,2018年9月11日,5,好玩
66,2018年9月12日,5,好好玩喔！!!!!
79,2018年9月12日,5,畫面不錯
80,2018年9月14日,5,太好玩了
98,2018年9月18日,5,Goidgood
75,2018年9月19日,3,，還可以玩
47,2018年9月1日,2,每次城戰那麼多外掛要怎麼玩
69,2018年9月1日,1,現在都進不去
60,2018年9月20日,1,登錄永遠卡在40%
70,2018年9月21日,4,人物角色太少
41,2018年9月22日,3,開掛都沒鎖，攻城戰，不公平，這樣有維持遊戲公平嗎？
36,2018年9月23日,2,我用EG帳號每次更新無法連接到世界真是爛遊戲阿是十幾萬人在玩嗎
134,2018年9月23日,1,自由度好低歐 可以提升嗎？拜託還有應該在寶箱弄多一點武將嗎？拜託
74,2018年9月25日,5,物品多元，畫面精緻，操作簡單！
99,2018年9月25日,5,Good
64,2018年9月26日,5,很不錯的遊戲 只是獎勵太少。
81,2018年9月26日,5,很好玩
50,2018年9月27日,2,這遊戲不是不好玩，但有很多改善空間，只是我個人意見，我覺得，如用鑽石十連抽獎或單一抽，應該可放多些人物在內，我說是金將或紅將，看一下運氣，但，現在好像個個玩家都是用同一人，第二點要改的時，我們玩家說話的設計，字眼太小，很難一邊玩，一邊說話，這點很重要，應該加多些表情公仔，字眼要大，因為很多人會上來認識朋友，其實還有很多改善，但不多再說，望會改善
58,2018年9月28日,1,重下載之後遺失帳號
83,2018年9月29日,5,很好玩
82,2018年9月29日,5,不錯玩
62,2018年9月29日,5,好玩好上手。多點禮包會更好
84,2018年9月29日,4,很不錯
40,2018年9月2日,5,今日更新後，入唔到自已賬號，登入後是重新玩過，有無搞錯，咁我的紀錄去咗邊呀，請回覆，，，快
95,2018年9月3日,4,Good
96,2018年9月4日,5,不賴
43,2018年9月6日,4,可以安卓和ios連結嗎？我遊戲都打這麼久了，可以幫我找回來嗎？拜託感謝您～😭
